5,Student_5,20:28:26,2025-11-10,Present
5,Student_5,20:28:33,2025-11-10,Present
5,Student_5,20:28:33,2025-11-10,Present
5,Student_5,20:28:33,2025-11-10,Present
5,Student_5,20:28:33,2025-11-10,Present
5,Student_5,20:28:33,2025-11-10,Present
5,Student_5,20:28:33,2025-11-10,Present
5,Student_5,20:28:33,2025-11-10,Present
5,Student_5,20:28:33,2025-11-10,Present
5,Student_5,20:28:33,2025-11-10,Present
5,Student_5,20:28:33,2025-11-10,Present
5,Student_5,20:28:33,2025-11-10,Present
5,Student_5,20:28:34,2025-11-10,Present
5,Student_5,20:28:34,2025-11-10,Present
5,Student_5,20:28:34,2025-11-10,Present
5,Student_5,20:28:35,2025-11-10,Present
